PDB,Model,Cutoff,n_drugs,n_red,n_contact,n_hit,Precision,Recall,F1,vs_rand
1AQ1,CNN,5.0A,160,31,28,4,0.12903225806451613,0.14285714285714285,0.13559322033898305,1.3732718894009217
1AQ1,CNN,8.0A,160,31,58,7,0.22580645161290322,0.1206896551724138,0.15730337078651688,1.160177975528365
1AQ1,CNN,10.0A,160,31,80,13,0.41935483870967744,0.1625,0.23423423423423423,1.5620967741935485
1AQ1,BiLSTM,5.0A,160,49,28,10,0.20408163265306123,0.35714285714285715,0.2597402597402597,2.17201166180758
1AQ1,BiLSTM,8.0A,160,49,58,15,0.30612244897959184,0.25862068965517243,0.2803738317757009,1.5728360309641098
1AQ1,BiLSTM,10.0A,160,49,80,20,0.40816326530612246,0.25,0.31007751937984496,1.5204081632653061
1OXG,CNN,5.0A,22,19,27,0,0.0,0.0,0.0,0.0
1OXG,CNN,8.0A,22,19,60,1,0.05263157894736842,0.016666666666666666,0.02531645569620253,0.2149122807017544
1OXG,CNN,10.0A,22,19,87,5,0.2631578947368421,0.05747126436781609,0.09433962264150944,0.7410768300060496
1OXG,BiLSTM,5.0A,22,22,27,0,0.0,0.0,0.0,0.0
1OXG,BiLSTM,8.0A,22,22,60,2,0.09090909090909091,0.03333333333333333,0.04878048780487805,0.3712121212121212
1OXG,BiLSTM,10.0A,22,22,87,3,0.13636363636363635,0.034482758620689655,0.05504587155963302,0.384012539184953
1QFS,CNN,5.0A,17,86,21,4,0.046511627906976744,0.19047619047619047,0.07476635514018691,1.5725359911406422
1QFS,CNN,8.0A,17,86,65,12,0.13953488372093023,0.18461538461538463,0.15894039735099336,1.5241502683363148
1QFS,CNN,10.0A,17,86,96,17,0.19767441860465115,0.17708333333333334,0.18681318681318682,1.4619670542635659
1QFS,BiLSTM,5.0A,17,89,21,0,0.0,0.0,0.0,0.0
1QFS,BiLSTM,8.0A,17,89,65,4,0.0449438202247191,0.06153846153846154,0.051948051948051945,0.4909248055315471
1QFS,BiLSTM,10.0A,17,89,96,6,0.06741573033707865,0.0625,0.06486486486486487,0.49859550561797755
1T48,CNN,5.0A,6,28,22,3,0.10714285714285714,0.13636363636363635,0.11999999999999998,1.4512987012987013
1T48,CNN,8.0A,6,28,44,4,0.14285714285714285,0.09090909090909091,0.1111111111111111,0.9675324675324675
1T48,CNN,10.0A,6,28,63,6,0.21428571428571427,0.09523809523809523,0.13186813186813184,1.0136054421768708
1T48,BiLSTM,5.0A,6,59,22,1,0.01694915254237288,0.045454545454545456,0.02469135802469136,0.2295839753466872
1T48,BiLSTM,8.0A,6,59,44,4,0.06779661016949153,0.09090909090909091,0.07766990291262135,0.4591679506933744
1T48,BiLSTM,10.0A,6,59,63,8,0.13559322033898305,0.12698412698412698,0.13114754098360656,0.641377454936777
2QK8,CNN,5.0A,11,10,29,1,0.1,0.034482758620689655,0.05128205128205129,0.5586206896551724
2QK8,CNN,8.0A,11,10,63,3,0.3,0.047619047619047616,0.0821917808219178,0.7714285714285715
2QK8,CNN,10.0A,11,10,78,3,0.3,0.038461538461538464,0.06818181818181818,0.6230769230769231
2QK8,BiLSTM,5.0A,11,16,29,3,0.1875,0.10344827586206896,0.13333333333333333,1.0474137931034484
2QK8,BiLSTM,8.0A,11,16,63,6,0.375,0.09523809523809523,0.1518987341772152,0.9642857142857143
2QK8,BiLSTM,10.0A,11,16,78,7,0.4375,0.08974358974358974,0.14893617021276595,0.9086538461538463
3NZC,CNN,5.0A,7,18,28,1,0.05555555555555555,0.03571428571428571,0.043478260869565216,0.4087301587301588
3NZC,CNN,8.0A,7,18,64,4,0.2222222222222222,0.0625,0.0975609756097561,0.7152777777777778
3NZC,CNN,10.0A,7,18,87,5,0.2777777777777778,0.05747126436781609,0.09523809523809525,0.6577266922094509
3NZC,BiLSTM,5.0A,7,28,28,3,0.10714285714285714,0.10714285714285714,0.10714285714285714,0.7882653061224489
3NZC,BiLSTM,8.0A,7,28,64,13,0.4642857142857143,0.203125,0.2826086956521739,1.494419642857143
3NZC,BiLSTM,10.0A,7,28,87,17,0.6071428571428571,0.19540229885057472,0.2956521739130435,1.4376026272577997
5HLS,CNN,5.0A,5,27,15,9,0.3333333333333333,0.6,0.42857142857142855,2.822222222222222
5HLS,CNN,8.0A,5,27,41,18,0.6666666666666666,0.43902439024390244,0.5294117647058824,2.065040650406504
5HLS,CNN,10.0A,5,27,52,19,0.7037037037037037,0.36538461538461536,0.48101265822784806,1.7186609686609686
5HLS,BiLSTM,5.0A,5,22,15,2,0.09090909090909091,0.13333333333333333,0.10810810810810811,0.7696969696969698
5HLS,BiLSTM,8.0A,5,22,41,5,0.22727272727272727,0.12195121951219512,0.15873015873015872,0.7039911308203991
5HLS,BiLSTM,10.0A,5,22,52,6,0.2727272727272727,0.11538461538461539,0.16216216216216214,0.666083916083916
6G3Q,CNN,5.0A,26,20,21,1,0.05,0.047619047619047616,0.04878048780487805,0.6190476190476191
6G3Q,CNN,8.0A,26,20,53,4,0.2,0.07547169811320754,0.10958904109589042,0.9811320754716982
6G3Q,CNN,10.0A,26,20,75,7,0.35,0.09333333333333334,0.14736842105263157,1.2133333333333334
6G3Q,BiLSTM,5.0A,26,26,21,0,0.0,0.0,0.0,0.0
6G3Q,BiLSTM,8.0A,26,26,53,4,0.15384615384615385,0.07547169811320754,0.10126582278481013,0.7547169811320755
6G3Q,BiLSTM,10.0A,26,26,75,6,0.23076923076923078,0.08,0.1188118811881188,0.8
